{"cameraMode":{"drawMode":0,"name":"Shaded","section":"Shading Mode"},"sceneLighting":true,"audioPlay":false,"sceneViewState":{"m_AlwaysRefresh":false,"showFog":true,"showSkybox":true,"showFlares":true,"showImageEffects":true,"showParticleSystems":true,"showVisualEffectGraphs":true,"m_FxEnabled":true},"in2DMode":false,"pivot":{"x":-3.4087390899658205,"y":-5.722172260284424,"z":1.316976547241211},"rotation":{"x":-0.06452866643667221,"y":0.8864572048187256,"z":-0.13017743825912476,"w":-0.43941348791122439},"size":14.605389595031739,"orthographic":false}